{
  "train_loss": [
    2.0128082990646363,
    1.6580987095832824,
    1.2786941818892956,
    1.040034531801939,
    0.9981717217713595,
    0.9596952386200428,
    0.9399963665753603,
    0.924742192029953,
    0.9182679664343596,
    0.9151578340679407,
    0.9115328442305326,
    0.9031109694391489,
    0.9014459747821093,
    0.8942584052681923,
    0.8957011375576258,
    0.8924349032342433,
    0.8900778450071811,
    0.8939384866505862,
    0.8812828078866005,
    0.8710907161235809,
    0.857343939319253,
    0.8603361081331968,
    0.8509885039180517,
    0.8385545115917921,
    0.84802847802639,
    0.8268482226878404,
    0.8277764972299337,
    0.8119672071188688,
    0.8027133461087942,
    0.8102635983377695,
    0.7903577696532011,
    0.7870843432843685,
    0.7782330024987459,
    0.7771641802042722,
    0.7688445385545493,
    0.7544952437281609,
    0.7402281761169434,
    0.734960799664259,
    0.726325050741434,
    0.7265253014862537,
    0.716473113000393,
    0.7106410048902034,
    0.7055830948054791,
    0.701111058704555,
    0.710977341607213,
    0.6957112565636635,
    0.6949525464326143,
    0.6832997173070907,
    0.6791261393576861,
    0.6782527787610888,
    0.6758296482264996,
    0.6649362806230783,
    0.6637473857030273,
    0.6628748718649149,
    0.6692297969013452,
    0.6523869037628174,
    0.6503865536302328,
    0.6481099411845207,
    0.646899875253439,
    0.6448425836861134,
    0.6408395588397979,
    0.6420657301321626,
    0.6390990722924471,
    0.6380227630957961,
    0.635615354962647,
    0.6365910669788718,
    0.6317804206162692,
    0.6257126683369278,
    0.6285283874720335
  ],
  "val_loss": [
    1.3876903978261081,
    1.06729995933446,
    0.6592395861040462,
    0.6221780025146224,
    0.6078618663278493,
    0.5618979094380682,
    0.5485864989459515,
    0.5329658829353072,
    0.5248712054030462,
    0.513736166567965,
    0.5062743653966622,
    0.4814011427489194,
    0.4792639348994602,
    0.48810521462424233,
    0.5103599630634893,
    0.5267384326593443,
    0.5119335898621515,
    0.5236556890674613,
    0.4700035261498256,
    0.5383350500328974,
    0.5216757405379956,
    0.5339654355563901,
    0.5404156172986735,
    0.5321418032558127,
    0.5232336801392111,
    0.543657039207491,
    0.5381955764341083,
    0.5791980785910379,
    0.5578924495388161,
    0.578681775114753,
    0.5766263271427967,
    0.5707627913321961,
    0.5752851084213365,
    0.5745795839889483,
    0.6078544684093107,
    0.6065121039070867,
    0.6022181966426697,
    0.607715307650241,
    0.6204887265339494,
    0.6014515572989528,
    0.6220219428227707,
    0.6240987345068292,
    0.6202618426389315,
    0.6074165080419995,
    0.6405204715715214,
    0.6201237341897055,
    0.6244911573488604,
    0.6351776318624616,
    0.6495361802252856,
    0.6222552440383218,
    0.6441035156392239,
    0.6313881471922452,
    0.6478410321711139,
    0.6512633896517482,
    0.6381534617394209,
    0.643861344253475,
    0.636620572429489,
    0.6424932596697048,
    0.6387010245499286,
    0.6452890985899351,
    0.6529933593489907,
    0.6393702889538624,
    0.6544341457669031,
    0.6637144094671715,
    0.6430554025044496,
    0.6535027337853204,
    0.6474955092946236,
    0.6557469862428579,
    0.6629985665733164
  ],
  "train_forecast_loss": [
    2.012712088227272,
    1.6577333353459835,
    1.2780345149338246,
    1.0395665302872659,
    0.9979434069246054,
    0.9595580935478211,
    0.9398530770093203,
    0.9245794307440519,
    0.9181566439568997,
    0.9150676183402539,
    0.9113052725791931,
    0.9030459474772214,
    0.9013456873595714,
    0.8941632222384215,
    0.8955976441502571,
    0.8922678142786026,
    0.8900074020028115,
    0.8938830319792033,
    0.8809474423527718,
    0.8708830952644349,
    0.8571956034749746,
    0.8601736266165971,
    0.8508733358234167,
    0.8383718054741621,
    0.8478756502270699,
    0.8267481401562691,
    0.827664564922452,
    0.8117996953427792,
    0.8025551088154316,
    0.8101073794066906,
    0.7901948008686304,
    0.7869443979114294,
    0.7781300134956837,
    0.7770951375365257,
    0.7686538457870483,
    0.7543394215404987,
    0.740106301754713,
    0.7348480895161629,
    0.7261996522545815,
    0.726398865878582,
    0.7163616493344307,
    0.7105400152504444,
    0.7054763041436672,
    0.701005369797349,
    0.7108434535562992,
    0.6955689769238234,
    0.6948278944939374,
    0.6832003364339471,
    0.6790065925568343,
    0.6781099990010262,
    0.6757346257567406,
    0.6648217979818583,
    0.6636666225269436,
    0.6628045385703445,
    0.6691483590751887,
    0.652294646203518,
    0.6503215160220861,
    0.6480554938316345,
    0.6468100300058722,
    0.6447630308568477,
    0.6407557411119342,
    0.6420019218698144,
    0.639033080264926,
    0.6379551568999886,
    0.635546982102096,
    0.6364824369549751,
    0.6317029863595962,
    0.6256774887442589,
    0.6284473437815905
  ],
  "val_forecast_loss": [
    1.3858761353926226,
    1.0667945038188587,
    0.6576397540894422,
    0.6217066103761847,
    0.6075538545846939,
    0.561849828470837,
    0.5482829477299344,
    0.5326647314835679,
    0.5247375423258002,
    0.513736166567965,
    0.506102471019734,
    0.4814011427489194,
    0.4792578416791829,
    0.48810521462424233,
    0.5101922572675076,
    0.5267102301798083,
    0.5118741640313105,
    0.5236556890674613,
    0.4696623994545503,
    0.5361899405040524,
    0.5214236594567244,
    0.5339431230994788,
    0.5401451005177065,
    0.5318508382717316,
    0.5229556721381166,
    0.5434518571604382,
    0.5379129306159236,
    0.5788970600644295,
    0.5575979583134706,
    0.5783418964763934,
    0.576330288651992,
    0.5705263601954688,
    0.5751016860489141,
    0.5742924575778571,
    0.6075722970576449,
    0.6062125793065537,
    0.601926909928972,
    0.607421256178482,
    0.6201940951022235,
    0.60119052502242,
    0.6217770986258984,
    0.6238477437502958,
    0.6201836490495638,
    0.6071273171427575,
    0.6402139627290043,
    0.6198261510580778,
    0.6242029579694975,
    0.6348902724513953,
    0.6492592250420288,
    0.621981926177713,
    0.6439389078454538,
    0.6311782016842202,
    0.6476957037706267,
    0.6510544408282096,
    0.6379816839471459,
    0.6437307484447956,
    0.6365283585407517,
    0.6423471239818768,
    0.6384592482142828,
    0.6450261685319922,
    0.6528443103148178,
    0.6392179068855264,
    0.6542677836153995,
    0.6635646304454316,
    0.6428315736014735,
    0.6532946650616147,
    0.6474380115555092,
    0.6556226538324897,
    0.6627608771351251
  ],