{
  "train_loss": [
    2.0286745920777323,
    1.714109256118536,
    1.219989711791277,
    1.1002964295446873,
    1.0050388801842929,
    0.9705466721206903,
    0.9504952255636454,
    0.9335837665945291,
    0.9223970249295235,
    0.9135011214762926,
    0.9101485498249531,
    0.9110455103218555,
    0.9037311114370823,
    0.9014976266771555,
    0.9027794528752565,
    0.894488150253892,
    0.9202403292059899,
    0.8913800280541182,
    0.9021249238401652,
    0.8980240561068058,
    0.883407473564148,
    0.876945699378848,
    0.8768827490508556,
    0.8750106051564217,
    0.8685614727437496,
    0.8592367533594369,
    0.8760475516319275,
    0.8544662248343229,
    0.8422926384955645,
    0.8357267674058676,
    0.8313344985246658,
    0.8307595767080784,
    0.829106106236577,
    0.8336250711232424,
    0.817693117633462,
    0.8255642808973789,
    0.8112697690725327,
    0.8077261295169592,
    0.8051357883960009,
    0.7995511297136545,
    0.8013456109911203,
    0.797156348824501,
    0.7944153141230345,
    0.7921039018779993,
    0.7834767322987318,
    0.7727669335901737,
    0.769330159202218,
    0.7623802654445171,
    0.7640533491969108,
    0.7551879942417145,
    0.7585790172219277,
    0.7483023390173912,
    0.7516164746135473,
    0.7448893617838621,
    0.7439689869061112,
    0.7356505669653416,
    0.741815772652626,
    0.7347811989486217,
    0.7324912164360284,
    0.7403039082884788,
    0.7228070247918368,
    0.7357919715344906
  ],
  "val_loss": [
    1.4449774758382277,
    1.0243691991675983,
    0.7451177767731927,
    0.578278664838184,
    0.5327320532365278,
    0.5643929866227236,
    0.5198270346630703,
    0.47997011193497613,
    0.4720976171507077,
    0.4675086494535208,
    0.5076361136002974,
    0.4627086946910078,
    0.4643519315868616,
    0.46465975283221767,
    0.4627239660105922,
    0.47370112247087737,
    0.4808164785870097,
    0.4895093124359846,
    0.4813134810802611,
    0.4939641972834414,
    0.48746825161982665,
    0.49176409806717525,
    0.5035846870053898,
    0.50886455940252,
    0.49488814479925414,
    0.5097896830940788,
    0.5041781601242044,
    0.5382315340367231,
    0.5180219782685692,
    0.5429616260596297,
    0.5008433710106395,
    0.5188464034687389,
    0.5514829063957388,
    0.5807897223329003,
    0.5679013249887661,
    0.5661894169382073,
    0.5910816214640032,
    0.5736698059534485,
    0.5818412115966732,
    0.5725722925906832,
    0.602166471156207,
    0.534563351253217,
    0.575143386694518,
    0.5691516333344308,
    0.5836804641241377,
    0.6040293022312901,
    0.5729975094172087,
    0.5625502914190292,
    0.5766970000483773,
    0.5676737669855356,
    0.6091937663202937,
    0.6044679920781743,
    0.6051846188916401,
    0.5774961586364291,
    0.5989480216733434,
    0.5982053992761807,
    0.582318826155229,
    0.5953347427262501,
    0.602704534645785,
    0.6187476292252541,
    0.6012922520325943,
    0.6140870970081199
  ],
  "train_forecast_loss": [
    2.0284545540809633,
    1.7136566869914531,
    1.2190540529787541,
    1.0999875009059905,
    1.004918933659792,
    0.9703084364533424,
    0.9502143912017346,
    0.9333562474697829,
    0.9221954919397831,
    0.9133451454341411,
    0.9100337106734514,
    0.9108987867832183,
    0.903644448518753,
    0.9013650815933942,
    0.9026402279734611,
    0.8942053925246001,
    0.920025672391057,
    0.891184851154685,
    0.9020004767924548,
    0.8979171115905047,
    0.8832313317805529,
    0.8768760588020086,
    0.8767474498599768,
    0.8749030787497759,
    0.868360609933734,
    0.8591371722519398,
    0.8759214822202921,
    0.854375658929348,
    0.8421934425830842,
    0.8356208015233278,
    0.8312421072274446,
    0.8306495528668165,
    0.8290225889533758,
    0.833587697148323,
    0.8176043555140495,
    0.8255350574851036,
    0.8111398961395025,
    0.8076114218682051,
    0.8050204612314701,
    0.7994772508740425,
    0.8012780629098415,
    0.7970280736684799,
    0.7942680057138205,
    0.7919919073581696,
    0.7833594515919685,
    0.7726762942969799,
    0.7692195545881987,
    0.7622818663716316,
    0.7639656241983175,
    0.7551120284944772,
    0.7585323419421911,
    0.7481780495494604,
    0.7515397947281599,
    0.7448267575353384,
    0.7438814535737037,
    0.7356179818511009,
    0.7417979732155799,
    0.7347595937550068,
    0.7324717041105032,
    0.7402810201048851,
    0.7228050846606493,
    0.7357889551669359
  ],
  "val_forecast_loss": [
    1.4411446235396645,
    1.0240654809908434,
    0.744744907725941,
    0.5780913125384938,
    0.5324408926747062,
    0.5616999647834084,
    0.5153592404994097,
    0.4796595969660716,
    0.4717853225090287,
    0.46719839999621565,
    0.5073560520329259,
    0.4624643957411701,
    0.46407059292224323,
    0.46433206444436853,
    0.4623241890221834,
    0.4707697458903898,
    0.4805085863918066,
    0.4892577909949151,
    0.4813017159361731,
    0.4939641972834414,
    0.487211778590625,
    0.49140978655354545,
    0.5034486656500534,
    0.5079201358285818,
    0.4946411272341555,
    0.5097575771876357,
    0.5039098173041235,
    0.5380056341263381,
    0.5177470731802962,
    0.5427000197497281,
    0.5007564484734427,
    0.518595970489762,
    0.551394542848522,
    0.5806096595796671,
    0.5678437838161533,
    0.5661894169382073,
    0.5907959695905447,
    0.5733820303258571,
    0.5816063259474256,
    0.5724073003300212,
    0.6018599283627488,
    0.5342704916203563,
    0.5748458218506791,
    0.5688906745477156,
    0.5834481968459758,
    0.60374430059032,
    0.572732453996485,
    0.5623239382085475,
    0.5765109956264496,
    0.567487541755492,
    0.6089515714821491,
    0.6042123181237415,
    0.605077404867519,
    0.5774838794022799,
    0.5988239559598945,
    0.5982053992761807,
    0.5822771150957454,
    0.5953347427262501,
    0.602704534645785,
    0.6187476292252541,
    0.6012922520325943,
    0.6140870970081199
  ],
  "alpha_mean": [
    0.6764193773269653,
    0.8416314125061035,
    0.9232862591743469,
    0.8838679194450378,
    0.885735273361206,
    0.8875575661659241,
    0.8881747722625732,
    0.9040392637252808,
    0.8908557891845703,
    0.8989381790161133,
    0.8822574019432068,
    0.910703718662262,
    0.9140912890434265,
    0.9093335270881653,
    0.9070925116539001,
    0.9067710041999817,
    0.9014941453933716,
    0.8927324414253235,
    0.903537392616272,
    0.9052929282188416,
    0.9090023636817932,
    0.9028071761131287,
    0.901362955570221,
    0.9140313863754272,
    0.9249743819236755,
    0.916113018989563,
    0.910258948802948,
    0.9074980020523071,
    0.9199368357658386,
    0.9266384243965149,
    0.9199704527854919,
    0.9269892573356628,
    0.9242933392524719,
    0.9202424883842468,
    0.9260084629058838,
    0.9250163435935974,
    0.9214396476745605,
    0.9076195955276489,
    0.9228289127349854,
    0.910132884979248,
    0.9179314970970154,
    0.9165417551994324,
    0.9286366105079651,
    0.9223164319992065,
    0.9244246482849121,
    0.922847330570221,
    0.9282116889953613,
    0.9253177642822266,
    0.9226883053779602,
    0.9258522391319275,
    0.9206079244613647,
    0.928417980670929,
    0.9218540787696838,
    0.9267397522926331,
    0.9267354607582092,
    0.9069594740867615,
    0.9184596538543701,
    0.9225194454193115,
    0.9238942861557007,
    0.9295762777328491,
    0.9216678142547607,
    0.91812664270401
  ],