{
  "train_loss": [
    2.04739176183939,
    1.8235406279563904,
    1.5386126838624476,
    1.1732137694954872,
    0.9863937504589557,
    0.9441973764449358,
    0.9213457055389881,
    0.9237438146024942,
    0.9075340285897255,
    0.8993078745901585,
    0.8935041718184948,
    0.8872491225600243,
    0.8865324400365353,
    0.876685181260109,
    0.8771706085652113,
    0.8739131703972817,
    0.8628133978694678,
    0.8665897347033024,
    0.8594885334372521,
    0.8471465643495322,
    0.8479531802237034,
    0.8444402866065502,
    0.8372471190989017,
    0.8295981876552105,
    0.8199803546071053,
    0.8160512648522854,
    0.8027528777718544,
    0.7977698717266322,
    0.7927697163075209,
    0.7821849264204502,
    0.7771307852119207,
    0.7594220533967018,
    0.7476673029363156,
    0.7408976957201958,
    0.7380399726331234,
    0.738703205063939,
    0.72187933139503,
    0.725380253791809,
    0.7093003835529089,
    0.7051237236708403,
    0.7042922355234623,
    0.6952361088246107,
    0.6915890567004681,
    0.6858129564672708,
    0.6774023447185755,
    0.6781762827187776,
    0.669967721030116,
    0.6630442595109344,
    0.6615430070087314,
    0.6553052481263876,
    0.6538101753219963,
    0.6529629422351718,
    0.6674393828958273,
    0.6476422552019357,
    0.6452424723654986,
    0.6488927150145173,
    0.6434524668380618,
    0.6387161700055003,
    0.64025611076504,
    0.6347398472949862,
    0.634695827960968,
    0.6309002127498389,
    0.6302181089296937,
    0.6265988310799002,
    0.6256036791950464
  ],
  "val_loss": [
    1.4276136566292157,
    1.2053845524787903,
    0.9147326133467935,
    0.6477466401728716,
    0.5560452843254263,
    0.5025749321688305,
    0.4829787588254972,
    0.4835113175213337,
    0.4726557299833406,
    0.4695638218386607,
    0.48913700150495226,
    0.47610846839167853,
    0.47545363347638736,
    0.4738557386127385,
    0.4662943673743443,
    0.4668531487272544,
    0.47587726959450677,
    0.4760815276002342,
    0.4926806375045668,
    0.5046268356117335,
    0.4930396733636206,
    0.5023168730126186,
    0.5058779904449527,
    0.5646184650673107,
    0.5392006962475452,
    0.5359180962497537,
    0.5282517862929539,
    0.5635684862394225,
    0.5678549923680045,
    0.5402987938035618,
    0.5323307575149969,
    0.5417208978059617,
    0.5507950882681392,
    0.5768744899806652,
    0.5576757621020079,
    0.5487966549328782,
    0.5685570527884093,
    0.5901787739924409,
    0.5846016398546371,
    0.5662952925671231,
    0.5975629157302055,
    0.6110308012840423,
    0.6077541656453501,
    0.616659698669206,
    0.5980857075615362,
    0.6031791481443427,
    0.5842946916818619,
    0.6062538000670347,
    0.6298812228170309,
    0.6284925040196289,
    0.611372684805908,
    0.6249935503371737,
    0.6247498213567517,
    0.6176512022926048,
    0.6223070220175114,
    0.6559760170904073,
    0.6420384255153212,
    0.632588079707189,
    0.6308257303793322,
    0.6387221079997041,
    0.6233116280795499,
    0.6306987782432274,
    0.6519736428321763,
    0.6508386893705889,
    0.6299928895790469
  ],
  "train_forecast_loss": [
    2.046182397007942,
    1.823137003183365,
    1.5375616244971753,
    1.1720102921128273,
    0.9856517687439919,
    0.9437416668981313,
    0.9211788382381201,
    0.9235855415463448,
    0.9070937734097242,
    0.898958208039403,
    0.8933673709630966,
    0.8871058691293001,
    0.8864128205925226,
    0.876478286832571,
    0.8770388465374708,
    0.8738444223999977,
    0.862638495862484,
    0.866439189016819,
    0.8594084490090609,
    0.8470940575003624,
    0.8478276778012515,
    0.8443467043340206,
    0.837175290286541,
    0.8294874005019665,
    0.8198308940976858,
    0.8159430451691151,
    0.8026341821998357,
    0.7976262904703617,
    0.7925912745296955,
    0.7819769334048032,
    0.7768363650888205,
    0.759305290132761,
    0.7475931454449892,
    0.7408018212765455,
    0.7379300694912672,
    0.738601028546691,
    0.7217617634683847,
    0.725252840667963,
    0.7092220224440098,
    0.7050902482122183,
    0.7042371122166514,
    0.6950940538197756,
    0.6915003214031458,
    0.6857178024947643,
    0.6773167446255683,
    0.6780925787985325,
    0.669915384426713,
    0.6630286851897835,
    0.6614772602915764,
    0.6552745876833797,
    0.6537944579496979,
    0.6529227027669549,
    0.6674175705760718,
    0.6476091459393502,
    0.6452016606926918,
    0.6488681128248572,
    0.6434329446405173,
    0.638683814369142,
    0.6402153380215168,
    0.6347009912133217,
    0.6346533007919788,
    0.630861234664917,
    0.6302073983475566,
    0.6265478402376174,
    0.6255756011232734
  ],
  "val_forecast_loss": [
    1.4260857755487615,
    1.2044109837575392,
    0.9116156453436072,
    0.6431255706331946,
    0.5527794008905237,
    0.502269179306247,
    0.48246529359709134,
    0.4832396080548113,
    0.4690915212373842,
    0.46925279701297934,
    0.48883363096551463,
    0.47480351325463166,
    0.47545363347638736,
    0.47354568439451133,
    0.46602642959491775,
    0.46653441864658485,
    0.4755707254463976,
    0.47581049732186576,
    0.4925802764906125,
    0.5044773913581263,
    0.4927750456739556,
    0.5020750324157152,
    0.5058620252053846,
    0.5643092820590193,
    0.5389694927090948,
    0.5353267296132717,
    0.5279952592470429,
    0.561919809573076,
    0.5674209987575357,
    0.5400907625867561,
    0.5323040356690233,
    0.541708845475858,
    0.5505125146697868,
    0.576640675183047,
    0.5574330042370341,
    0.5485418594696305,
    0.5682792375710878,
    0.5899583443321965,
    0.5845875731584701,
    0.5662938552823934,
    0.5973560125990347,
    0.6107597208835862,
    0.6075729050419547,
    0.6165121251886542,
    0.5980484803969209,
    0.6031421258706938,
    0.5842946916818619,
    0.6062538000670347,
    0.6298126546158032,
    0.6284912198104642,
    0.6112920885736292,
    0.6249935503371737,
    0.6247498051009395,
    0.6176349927925251,
    0.6222805303775452,
    0.6559518932957541,
    0.6420384255153212,
    0.632518984716047,
    0.6307906752282922,
    0.6387220565229654,
    0.6232384656640616,
    0.6306987511502071,
    0.6519473889334635,
    0.6507988579740579,
    0.6299782299690626
  ],
  "alpha_mean": [
    0.1832083761692047,
    0.6259496212005615,
    0.8052945733070374,
    0.9309524893760681,
    0.9182620644569397,
    0.9113366007804871,
    0.9009801149368286,
    0.9000322818756104,
    0.9236172437667847,
    0.8863970041275024,
    0.8969505429267883,
    0.9028989672660828,
    0.9083153009414673,
    0.9098489880561829,
    0.9142948985099792,
    0.9121717810630798,
    0.912651538848877,
    0.918168306350708,
    0.9153007864952087,
    0.9164165258407593,
    0.9222308397293091,
    0.9204108119010925,
    0.9249531030654907,
    0.9233227372169495,
    0.9250274896621704,
    0.9251456260681152,
    0.9231109023094177,
    0.9260182976722717,
    0.908977210521698,
    0.9202038645744324,
    0.9070032835006714,
    0.9215054512023926,
    0.9288292527198792,
    0.9241233468055725,
    0.9274687170982361,
    0.9267286062240601,
    0.9280458688735962,
    0.9273779392242432,
    0.9236205816268921,
    0.9245226383209229,
    0.9304656386375427,
    0.9267320036888123,
    0.9304527640342712,
    0.9283909201622009,
    0.9253217577934265,
    0.9269787073135376,
    0.9318162798881531,
    0.9269119501113892,
    0.9312117695808411,
    0.9295979142189026,
    0.9249886274337769,
    0.9307848811149597,
    0.9302634000778198,
    0.9288243651390076,
    0.9297924637794495,
    0.9274854063987732,
    0.9298697113990784,
    0.93209308385849,
    0.9321964383125305,
    0.9308558702468872,
    0.9294904470443726,
    0.9309741854667664,
    0.9305313229560852,
    0.9346187114715576,
    0.9312924742698669
  ],