{
  "train_loss": [
    2.0336403131484984,
    1.7191598802804946,
    1.2423633851110936,
    1.0621578373014926,
    1.0082947365939616,
    0.9708177044987678,
    0.9397465150803328,
    0.9157281003892421,
    0.9119239110499621,
    0.9071037203073502,
    0.9181133475154638,
    0.9010200783610344,
    0.8938361808657647,
    0.9048442505300045,
    0.8834442108869552,
    0.8773508973419666,
    0.8773344196379185,
    0.8677577331662178,
    0.8690694089978933,
    0.8598729576915503,
    0.8544577471911907,
    0.8393911197781563,
    0.830687566101551,
    0.8268061880022287,
    0.8186068538576364,
    0.8157662201672793,
    0.8067426167428493,
    0.7986269190907478,
    0.7946522850543261,
    0.777633699402213,
    0.7602296296507121,
    0.7619992725551128,
    0.7402033172547817,
    0.7232420291751623,
    0.7213577006012202,
    0.7243336070328951,
    0.7077793911099434,
    0.7009753486141562,
    0.6903979038819671,
    0.6869704041630029,
    0.6788200877606869,
    0.6736847154796124,
    0.6702692590653896,
    0.6609478130936622,
    0.6534226104617119,
    0.6529348954558373,
    0.6416007667779923,
    0.6362272888422013,
    0.6311285208910704,
    0.6271081095561385,
    0.6273674491792918,
    0.6227317869663238,
    0.6258963953703642,
    0.6288422301411629,
    0.6196715546771884,
    0.6129291526973247,
    0.6123759178444743,
    0.6101528272032738,
    0.6117268308997155,
    0.60787190515548,
    0.6060757864266634,
    0.6043441971763969,
    0.6023903325200081,
    0.597910481505096
  ],
  "val_loss": [
    1.4425560290163213,
    1.054852393540469,
    0.6967815323309465,
    0.6230640113353729,
    0.5547429431568492,
    0.5145299299196764,
    0.5103956098583612,
    0.4972998814826662,
    0.4812000830742446,
    0.4816120989959348,
    0.4747180554338477,
    0.47121577709913254,
    0.47257227687673137,
    0.47053936462510715,
    0.4743249570442872,
    0.47899926894090394,
    0.4737880489026958,
    0.47287587008693,
    0.4712906237691641,
    0.48831369829448784,
    0.516416649249467,
    0.5274117047136481,
    0.5286534152586352,
    0.5347228715704246,
    0.5283106497742913,
    0.53452900221402,
    0.5520134471695531,
    0.5496897412972017,
    0.5269535971297459,
    0.5829862530597232,
    0.5558277355845679,
    0.5577021923593499,
    0.5640599625185132,
    0.585006714290516,
    0.5715079885822806,
    0.5813929415731267,
    0.5942235682159662,
    0.6210532851347869,
    0.5976371932774782,
    0.611383214762265,
    0.6129433594813402,
    0.5951280819082801,
    0.6118945194069635,
    0.6247458790682934,
    0.6585653857751326,
    0.648081167601049,
    0.620456214486198,
    0.6356180020692673,
    0.638307617045939,
    0.646872991188006,
    0.6432543924417008,
    0.653588873334229,
    0.6691958481784571,
    0.6593503767455166,
    0.6557478863237933,
    0.6592731716280634,
    0.6591329760002819,
    0.659207300198349,
    0.6543795248832215,
    0.6777929490940138,
    0.6763818640769883,
    0.6727618565782905,
    0.6828874824568629,
    0.6685795884748752
  ],
  "train_forecast_loss": [
    2.0336296290159224,
    1.7178160950541497,
    1.241315159201622,
    1.0619394205510617,
    1.0079896919429303,
    0.9706613264977932,
    0.939636304602027,
    0.9156570773571729,
    0.9118575982749462,
    0.9070223297923803,
    0.9180559366941452,
    0.9009737446904182,
    0.8937836151570082,
    0.9048079814761877,
    0.8833587400615215,
    0.8772626657038927,
    0.8772924672812223,
    0.8677260648459196,
    0.8689169485121966,
    0.8598340444266797,
    0.8543651644140482,
    0.8393251486122608,
    0.8305065296590328,
    0.8267050750553608,
    0.8185360066592693,
    0.815640838444233,
    0.8065782871097327,
    0.7985491536557674,
    0.79444151930511,
    0.7775443568825722,
    0.760192596912384,
    0.7619195576757193,
    0.7401540279388428,
    0.7231914665549993,
    0.7213079843670129,
    0.7242972506210208,
    0.7077345799654722,
    0.7009346833452582,
    0.6903321921825409,
    0.6869226727634669,
    0.678767042979598,
    0.6736643116921186,
    0.6702259391546249,
    0.660921037197113,
    0.6533935647457838,
    0.6529038604348898,
    0.6415757827460766,
    0.6362120127305388,
    0.6311128236353397,
    0.6270912567153573,
    0.6273593679070473,
    0.6227043926715851,
    0.62588268853724,
    0.6288037016987801,
    0.6196440853178501,
    0.6128971572965384,
    0.6123593628406525,
    0.610134170204401,
    0.6117043938487768,
    0.6078559765592217,
    0.6060552345588803,
    0.6043224392458797,
    0.6023755025118589,
    0.5979043299332261
  ],
  "val_forecast_loss": [
    1.4425560290163213,
    1.0520895313132892,
    0.6967815323309465,
    0.6230640113353729,
    0.5547429431568492,
    0.5145299299196764,
    0.5103917667134241,
    0.4972998814826662,
    0.4812000830742446,
    0.4816120989959348,
    0.4747180554338477,
    0.47121577709913254,
    0.47257227687673137,
    0.47053936462510715,
    0.4743249570442872,
    0.47898005169223656,
    0.4737880489026958,
    0.47287587008693,
    0.4712906237691641,
    0.48831369829448784,
    0.516416649249467,
    0.5274117047136481,
    0.5286534152586352,
    0.5347228715704246,
    0.5282949304038828,
    0.53452900221402,
    0.5518723035400565,
    0.5492150185799057,
    0.5269535971297459,
    0.5829862530597232,
    0.5558268902823329,
    0.5577021923593499,
    0.5640599625185132,
    0.585006714290516,
    0.5715079885822806,
    0.5813929415731267,
    0.5942221431230957,
    0.6210532851347869,
    0.5976371932774782,
    0.611383214762265,
    0.6129433594813402,
    0.5951280819082801,
    0.6118945194069635,
    0.6247458790682934,
    0.6585653857751326,
    0.648081167601049,
    0.6204559896141291,
    0.6356169278310104,
    0.6383075059645555,
    0.646872991188006,
    0.6432543924417008,
    0.653588873334229,
    0.6691958481784571,
    0.6593503604897044,
    0.655745633539151,
    0.6592731716280634,
    0.6591329760002819,
    0.6592065903612159,
    0.6543795248832215,
    0.6777929490940138,
    0.6763818640769883,
    0.6727618240666661,
    0.6828874824568629,
    0.6685795884748752
  ],
  "alpha_mean": [
    0.5248343348503113,
    0.7144531607627869,
    0.9138172268867493,
    0.8904128670692444,
    0.8775688409805298,
    0.8861984014511108,
    0.9017120003700256,
    0.897174060344696,
    0.9083035588264465,
    0.9095978736877441,
    0.9146483540534973,
    0.9173411130905151,
    0.919206440448761,
    0.9064050912857056,
    0.9045554399490356,
    0.9133344888687134,
    0.9035717248916626,
    0.906302273273468,
    0.9037127494812012,
    0.9139856696128845,
    0.9239004254341125,
    0.9110584855079651,
    0.9122143387794495,
    0.9152234792709351,
    0.9120180606842041,
    0.9212073087692261,
    0.9232625365257263,
    0.9205333590507507,
    0.9216561913490295,
    0.9273524880409241,
    0.9229300022125244,
    0.9298275113105774,
    0.9211384654045105,
    0.9277237057685852,
    0.9299236536026001,
    0.9277216792106628,
    0.9263667464256287,
    0.9183282256126404,
    0.9298593401908875,
    0.9248519539833069,
    0.9280232787132263,
    0.9293625950813293,
    0.9328175187110901,
    0.9304941892623901,
    0.9326047301292419,
    0.9296210408210754,
    0.9301503300666809,
    0.931727945804596,
    0.9308483004570007,
    0.9310516715049744,
    0.9280386567115784,
    0.9310787916183472,
    0.931706428527832,
    0.9311327338218689,
    0.9274245500564575,
    0.9332438707351685,
    0.9301556944847107,
    0.9272645115852356,
    0.9331169128417969,
    0.931865930557251,
    0.9332917928695679,
    0.9335901141166687,
    0.9324057102203369,
    0.9285305738449097
  ],