{
  "train_loss": [
    2.036135157942772,
    1.8685559436678887,
    1.5275286540389061,
    1.1333416663110256,
    1.07698927000165,
    1.0175604313611983,
    0.9644110996276141,
    0.9520189791917801,
    0.9443221151828766,
    0.9290582165122032,
    0.9224509127438069,
    0.9221700005233288,
    0.9148219585418701,
    0.918490894511342,
    0.917131482064724,
    0.9140527747571469,
    0.9081947345286607,
    0.9022249586880207,
    0.9073851116001606,
    0.9076691623777151,
    0.8967583574354648,
    0.8919831864535809,
    0.8945650514215231,
    0.9107280865311622,
    0.8799166765064002,
    0.8827609449625016,
    0.8792088985443115,
    0.8666418675333262,
    0.8651651330292225,
    0.8644344352185727,
    0.8571526348590851,
    0.853835728392005,
    0.8560873661190271,
    0.8387682713568211,
    0.8287249136716127,
    0.8275265961885452,
    0.8258603420108557,
    0.8343427255749702,
    0.8299974434077739,
    0.8152435921132565,
    0.8109950371086597,
    0.8114187002182007,
    0.8052463866770267,
    0.8003501791507006,
    0.8172248654067517,
    0.7973880413919687,
    0.7904430124908686,
    0.7884710494428873,
    0.782974261417985,
    0.7839537899941206,
    0.7690377954393626,
    0.766890985891223,
    0.7657362572848797,
    0.7951022744178772,
    0.7595213565975427,
    0.7583700910210609,
    0.7704956281930209,
    0.7567394860088825,
    0.7535181485116482,
    0.7530109472572803,
    0.7486299846321345,
    0.7723178837448359,
    0.7419883880764246,
    0.7433302599936724,
    0.7587053086608648,
    0.7346605192869902,
    0.7413443543016911
  ],
  "val_loss": [
    1.4932691156864166,
    1.2461160448464481,
    0.9415706545114517,
    0.6705553782257166,
    0.6892089301889593,
    0.5368505563925613,
    0.5200522792610255,
    0.517181348902258,
    0.5004622253843329,
    0.49342853846875107,
    0.4823739096860994,
    0.47722821157764306,
    0.47995430552823976,
    0.5026436636055057,
    0.47421291859989817,
    0.4750461192293601,
    0.4713200181722641,
    0.4730378963391889,
    0.4787809212099422,
    0.48480377346277237,
    0.47629760866138066,
    0.4791310443119569,
    0.4853904833170501,
    0.48195760256864806,
    0.4853115091946992,
    0.4746876406398686,
    0.49556333673271263,
    0.5022756609727036,
    0.4955850619484078,
    0.4878429308195006,
    0.490123085338961,
    0.49887336705895985,
    0.5049625713039528,
    0.5028058894994584,
    0.505814372307875,
    0.5024228686974808,
    0.5098220690746199,
    0.5095807059922002,
    0.5174786025150255,
    0.5328903054310516,
    0.5055747187950395,
    0.5068906628611413,
    0.5164730953560634,
    0.5244303008710797,
    0.5049541011791338,
    0.5069991109723394,
    0.5052277328954502,
    0.5128593883392486,
    0.5039971521632238,
    0.5068735495548357,
    0.5083165090869773,
    0.5062185031446543,
    0.5030367420139638,
    0.5104710358110341,
    0.5142397016964175,
    0.5196788388897072,
    0.5187132468616421,
    0.5154528311369094,
    0.5063632835041393,
    0.5122373170134696,
    0.5119647131386128,
    0.5255383419042284,
    0.5196121870116754,
    0.5269528315825895,
    0.5250443775545467,
    0.5217417295683514,
    0.523521519520066
  ],
  "train_forecast_loss": [
    2.034865702688694,
    1.8662586480379104,
    1.5269508063793182,
    1.132332380115986,
    1.0762328788638116,
    1.0173707753419876,
    0.9642687205225229,
    0.9518763639032841,
    0.9442343153059483,
    0.9289011623710394,
    0.9223097026348114,
    0.9220296207815408,
    0.9146981589496136,
    0.9183558553457261,
    0.9169698249548673,
    0.9139062952250242,
    0.9080832745879889,
    0.90208761356771,
    0.9072363547980785,
    0.9075426034629345,
    0.8966601628810167,
    0.8918200571089983,
    0.8945104349404573,
    0.9106161791831255,
    0.8797573033720255,
    0.882476893812418,
    0.879046730697155,
    0.8664996478706598,
    0.8650244403630495,
    0.8643055379390716,
    0.8570242900401354,
    0.8537122860550881,
    0.8559706654399634,
    0.8386344578117132,
    0.8286008898168802,
    0.8273983873426914,
    0.8257294967770576,
    0.8342179864645004,
    0.8298497851938009,
    0.8151157334446907,
    0.8109207037836313,
    0.8112803939729929,
    0.8051230922341347,
    0.8002043899148703,
    0.8170646104961634,
    0.7973013155162334,
    0.7903413150459528,
    0.7883312042802573,
    0.7828574486076831,
    0.783834358677268,
    0.768936337158084,
    0.766786664351821,
    0.765626223757863,
    0.7949998039752245,
    0.7594135656952858,
    0.7582912843674421,
    0.7704416912049055,
    0.7566780772060155,
    0.7534427370876073,
    0.7529614981263876,
    0.748612967133522,
    0.7722405359148979,
    0.7419162772595882,
    0.7432358954101801,
    0.7586474969983101,
    0.7345529854297638,
    0.7412453569471836
  ],
  "val_forecast_loss": [
    1.4906679635698146,
    1.2452926879579371,
    0.9403993934392929,
    0.6702518930489366,
    0.688931442797184,
    0.5368438955735076,
    0.5192977609959516,
    0.5155766042457386,
    0.5003109706396406,
    0.4908030793409456,
    0.4820905006067319,
    0.4769239420579238,
    0.47834978540512646,
    0.50236272117631,
    0.4739131231538274,
    0.4747395495122129,
    0.471028913997791,
    0.4723138643259352,
    0.47838599708947266,
    0.48448928056115453,
    0.47602826001291926,
    0.4789096960289912,
    0.4853904833170501,
    0.4816089971837672,
    0.4853115091946992,
    0.474233999509703,
    0.4952062063596465,
    0.501964200118726,
    0.4950971838764169,
    0.48753130402077327,
    0.4898107385432178,
    0.49854686026546086,
    0.5046723291955211,
    0.5025165187702938,
    0.5055095605890859,
    0.5020958848974921,
    0.509480403397571,
    0.509292419153181,
    0.5171738529408519,
    0.5326665409586646,
    0.5053220464085991,
    0.5065990825268355,
    0.5161920342255722,
    0.524161963977597,
    0.5047928958453916,
    0.5069974664260041,
    0.5046166218817234,
    0.5111419428139925,
    0.503698233853687,
    0.5065661557018757,
    0.5080322665585713,
    0.5059311042793773,
    0.5027409585362131,
    0.510207388042049,
    0.5140572527254169,
    0.5195508983663537,
    0.5187132468616421,
    0.515258302912116,
    0.5062237427654591,
    0.5122373170134696,
    0.5119647131386128,
    0.5254274217242544,
    0.5193906524641947,
    0.5267838693477891,
    0.5248489564454014,
    0.5216462632471864,
    0.5232746121896938
  ],