{
  "ARIMA": {
    "MAE": 8.354085922241211,
    "RMSE": 21.095012664794922,
    "WAPE": 72.35274314880371,
    "SMAPE": 76.14386677742004,
    "R2": 0.4987354278564453
  },
  "XGBoost": {
    "MAE": 6.062199592590332,
    "RMSE": 16.30499839782715,
    "WAPE": 52.5032639503479,
    "SMAPE": 125.214684009552,
    "R2": 0.7005330324172974
  }
}