{
  "train_loss": [
    1831.4104098426471,
    1819.0014438404228,
    1802.2273272568325,
    1785.762277291256,
    1773.314652835798,
    1762.5754450012303,
    1753.8624805234513,
    1745.3570600755559,
    1736.828635854541,
    1729.601291530537,
    1723.9250559776833,
    1717.979357881366,
    1713.2309615956913,
    1708.916411699739,
    1703.3134277031857,
    1699.4516277253254,
    1695.8165654836212,
    1693.2045394129723,
    1680.587970925577,
    1650.648591896273,
    1640.5274885720428,
    1632.512364915332,
    1620.278427435917,
    1612.8294679263852,
    1602.259867711637,
    1591.15487139255,
    1583.6928522961693,
    1573.1590748433048,
    1570.373204817562,
    1558.3483828208732,
    1550.7153635879733,
    1542.2388787869388,
    1533.440968242831,
    1526.9145835690529,
    1518.980114546212,
    1509.4227389449593,
    1501.599820610862,
    1493.6610144669155,
    1485.7463737208889,
    1479.7297481485882,
    1470.9946300998424,
    1463.202761156754,
    1456.2909776114818,
    1448.9820958863265,
    1442.9256283472168,
    1437.5611071219234,
    1428.8945842718929,
    1420.7074162990043,
    1412.6435634999905,
    1406.5928642314934
  ],
  "val_loss": [
    1047.38876349926,
    1034.5363820650998,
    1023.012011812715,
    1012.5551485903122,
    1003.4064614976154,
    995.2247982978821,
    988.2005484244403,
    981.6532286756179,
    975.968405884855,
    971.1835573000067,
    966.8060177789015,
    962.9234366304734,
    959.5561282620711,
    956.3783404280158,
    953.4667606465957,
    951.1080954425476,
    949.0091799539679,
    947.3584162347457,
    916.7633551948211,
    908.9174975318067,
    902.1022582832504,
    894.9920575997409,
    888.2935622257345,
    881.4582552040324,
    874.2844148201101,
    868.2985663911876,
    861.5384698440047,
    855.9040781708325,
    848.5694066272063,
    844.8024291487301,
    839.2359033668743,
    834.5803899316227,
    830.6545702268096,
    824.4162600973074,
    820.1947237540694,
    812.8719447956365,
    810.2136368267677,
    806.3082816362381,
    799.9796391311813,
    794.3260547069942,
    790.9484781861305,
    787.5887313022333,
    781.652787909087,
    777.0926825895029,
    771.0963677104781,
    767.0296494925724,
    762.1389142274857,
    759.8831042380893,
    752.9227033951703,
    748.5766105441486
  ],
  "train_forecast_loss": [
    1831.411174053666,
    1819.002211359312,
    1802.2281871051907,
    1785.7630974331742,
    1773.3155812047562,
    1762.576317835154,
    1753.8633530724724,
    1745.3579548020034,
    1736.829500222356,
    1729.602155157605,
    1723.925936536969,
    1717.9802684064182,
    1713.231844578149,
    1708.917316256829,
    1703.3142960986252,
    1699.452455862513,
    1695.8174153813775,
    1693.2053999271034,
    1680.5888398803256,
    1650.6494729383937,
    1640.528348534362,
    1632.513236966523,
    1620.2793238073025,
    1612.8303588171425,
    1602.2607510464745,
    1591.155744946228,
    1583.6936986431385,
    1573.1599263755031,
    1570.3740902636787,
    1558.3492126824722,
    1550.7161923264557,
    1542.23974503961,
    1533.4418459066055,
    1526.9154287704132,
    1518.980994957048,
    1509.4236146549008,
    1501.6007044915134,
    1493.6618642926967,
    1485.7472273193814,
    1479.730628422971,
    1470.9954783301682,
    1463.2036541347984,
    1456.2918437142043,
    1448.9829859163776,
    1442.9264826894557,
    1437.5619603950272,
    1428.89543844319,
    1420.7082744784325,
    1412.6444060367608,
    1406.5937289321948
  ],
  "val_forecast_loss": [
    1047.388824036542,
    1034.5364428183611,
    1023.0120725645738,
    1012.5552093421711,
    1003.4065222522792,
    995.2248590525459,
    988.200609179104,
    981.6532894302817,
    975.9684666395187,
    971.1836180546704,
    966.8060785335653,
    962.9234973739175,
    959.5561890055152,
    956.3784011714599,
    953.4668213900397,
    951.1081561859917,
    949.0092406974119,
    947.3584769781899,
    916.7634159480824,
    908.9175582843668,
    902.1023190358106,
    894.992118352301,
    888.2936229782946,
    881.4583159565925,
    874.2844755726702,
    868.2986271437477,
    861.5385305965648,
    855.9041389233926,
    848.5694673797664,
    844.8024899012902,
    839.2359641194344,
    834.5804506841828,
    830.6546309793697,
    824.4163208498675,
    820.1947845066295,
    812.8720055481966,
    810.2136975793278,
    806.3083423887982,
    799.9796998837415,
    794.3261154595543,
    790.9485389386906,
    787.5887920547934,
    781.6528486616471,
    777.092743342063,
    771.0964284630383,
    767.0297102451325,
    762.1389749800458,
    759.8831649906494,
    752.9227641477304,
    748.5766712967087
  ],
  "alpha_mean": [
    0.029727978631854057,
    0.021112656220793724,
    0.024363184347748756,
    0.02439890243113041,
    0.024410277605056763,
    0.02441146783530712,
    0.02448100782930851,
    0.024402545765042305,
    0.02439611777663231,
    0.02439708448946476,
    0.02440161257982254,
    0.02439708262681961,
    0.0243962574750185,
    0.024397434666752815,
    0.024443572387099266,
    0.02539721317589283,
    0.0244071576744318,
    0.0249621644616127,
    0.5428650975227356,
    0.9756097793579102,
    0.9756097793579102,
    0.9756097793579102,
    0.9756097793579102,
    0.9756097793579102,
    0.9756097793579102,
    0.9756097793579102,
    0.9756097793579102,
    0.9756097793579102,
    0.9756097793579102,
    0.9756097793579102,
    0.9756097793579102,
    0.9756097793579102,
    0.9756097793579102,
    0.9756097793579102,
    0.9756097793579102,
    0.9756097793579102,
    0.9756097793579102,
    0.9756097793579102,
    0.9756097793579102,
    0.9756097793579102,
    0.9756097793579102,
    0.9756097793579102,
    0.9756097793579102,
    0.9756097793579102,
    0.9756097793579102,
    0.9756151437759399,
    0.9756097793579102,
    0.9756097793579102,
    0.9756097793579102,
    0.9756097793579102
  ],
  "alpha_std": [
    0.14309100806713104,
    0.1434062123298645,
    0.15406344830989838,
    0.15427128970623016,
    0.15426947176456451,
    0.15426933765411377,
    0.1542595475912094,
    0.1542707234621048,
    0.1542716771364212,
    0.15427005290985107,
    0.15427085757255554,
    0.15427114069461823,
    0.15427029132843018,
    0.15426334738731384,
    0.1542675942182541,
    0.15480594336986542,
    0.15427003800868988,
    0.15475670993328094,
    0.4977419078350067,
    0.15427261590957642,
    0.15427261590957642,
    0.15427261590957642,
    0.15427237749099731,
    0.15427261590957642,
    0.15427260100841522,
    0.15427260100841522,
    0.15427261590957642,
    0.15427261590957642,
    0.15427261590957642,
    0.15427261590957642,
    0.15427261590957642,
    0.15427261590957642,
    0.15427261590957642,
    0.15427260100841522,
    0.15427261590957642,
    0.15427261590957642,
    0.15427261590957642,
    0.15427261590957642,
    0.15427261590957642,
    0.15427261590957642,
    0.15427261590957642,
    0.15427261590957642,
    0.15427261590957642,
    0.15427261590957642,
    0.15427261590957642,
    0.15423926711082458,
    0.15427261590957642,
    0.15427261590957642,
    0.15427261590957642,
    0.15427261590957642
  ],
  "lr": [
    0.001,
    0.001,
    0.001,
    0.001,
    0.001,
    0.001,
    0.001,
    0.001,
    0.001,
    0.001,
    0.001,
    0.001,
    0.001,
    0.001,
    0.001,
    0.001,
    0.001,
    0.001,
    0.001,
    0.001,
    0.001,
    0.001,
    0.001,
    0.001,
    0.001,
    0.001,
    0.001,
    0.001,
    0.001,
    0.001,
    0.001,
    0.001,
    0.001,
    0.001,
    0.001,
    0.001,
    0.001,
    0.001,
    0.001,
    0.001,
    0.001,
    0.001,
    0.001,
    0.001,
    0.001,
    0.001,
    0.001,
    0.001,
    0.001,
    0.001
  ]
}