{
  "TFT-only (\u03b1=1.0)": {
    "MAE": 16.80729103088379,
    "RMSE": 31.346464157104492,
    "MAPE": 50826390400.0,
    "SMAPE": 156.2705159187317,
    "R2": -0.10683917999267578,
    "alpha_mean": 1.0,
    "alpha_std": 0.0
  },
  "GAT-only (\u03b1=0.0)": {
    "MAE": 19.509721755981445,
    "RMSE": 30.93906593322754,
    "MAPE": 72884659200.0,
    "SMAPE": 154.062819480896,
    "R2": -0.07825577259063721,
    "alpha_mean": 0.0,
    "alpha_std": 0.0
  },
  "Fixed Fusion (\u03b1=0.5)": {
    "MAE": 20.395671844482422,
    "RMSE": 31.75807762145996,
    "MAPE": 77140185600.0,
    "SMAPE": 156.08469247817993,
    "R2": -0.13609802722930908,
    "alpha_mean": 0.5,
    "alpha_std": 0.0
  },
  "Adaptive Fusion (learned)": {
    "MAE": 9.374614715576172,
    "RMSE": 26.522186279296875,
    "MAPE": 8027624800.0,
    "SMAPE": 148.144793510437,
    "R2": 0.2076336145401001,
    "alpha_mean": 0.9756097793579102,
    "alpha_std": 0.15434302389621735
  }
}