{
  "supplygraph": {
    "per_edge_type": [
      {
        "edge_type": "Plant",
        "n_pairs_total": 360,
        "n_pairs_valid": 360,
        "n_pairs_skipped": 0,
        "mean_r": 0.3360351817218524,
        "mean_abs_r": 0.3409162228181259,
        "median_r": 0.25486594342587077,
        "std_r": 0.2916247605683925,
        "ci_95_lower": 0.3113885943376252,
        "ci_95_upper": 0.3703520769802777
      },
      {
        "edge_type": "Product Group",
        "n_pairs_total": 179,
        "n_pairs_valid": 179,
        "n_pairs_skipped": 0,
        "mean_r": 0.3530816277569003,
        "mean_abs_r": 0.36037998994527076,
        "median_r": 0.28569225896689143,
        "std_r": 0.315490528239868,
        "ci_95_lower": 0.31583603230654156,
        "ci_95_upper": 0.40489701947367457
      },
      {
        "edge_type": "Product Sub-Group",
        "n_pairs_total": 48,
        "n_pairs_valid": 48,
        "n_pairs_skipped": 0,
        "mean_r": 0.5724164696775539,
        "mean_abs_r": 0.5794185387073386,
        "median_r": 0.6618416026638351,
        "std_r": 0.31988508902661433,
        "ci_95_lower": 0.4900718883230598,
        "ci_95_upper": 0.6652893083651341
      },
      {
        "edge_type": "Storage Location",
        "n_pairs_total": 665,
        "n_pairs_valid": 665,
        "n_pairs_skipped": 0,
        "mean_r": 0.30067738879617006,
        "mean_abs_r": 0.306900267490474,
        "median_r": 0.24462180623353796,
        "std_r": 0.2623545361693983,
        "ci_95_lower": 0.2876427184407021,
        "ci_95_upper": 0.326500923365336
      }
    ],
    "pooled": {
      "n_pairs_valid": 1252,
      "n_pairs_skipped": 0,
      "mean_r": 0.3287545773820508,
      "mean_abs_r": 0.334775260506267,
      "median_r": 0.26656827388552384,
      "std_r": 0.2862887165581658,
      "ci_95_lower": 0.319216038540218,
      "ci_95_upper": 0.35001746501184805
    },
    "random_baseline": {
      "n_pairs_sampled": 136,
      "n_pairs_valid": 136,
      "n_pairs_skipped": 0,
      "mean_r": 0.07147857933897127,
      "mean_abs_r": 0.08786706735814485,
      "median_r": -0.0023277668600948714,
      "std_r": 0.18910062344334197,
      "ci_95_lower": 0.059930869275768135,
      "ci_95_upper": 0.12082284001288397
    },
    "effect_size": {
      "delta_mean_abs_r": 0.24690819314812212
    }
  },
  "usgs": {
    "per_edge_type": [
      {
        "edge_type_id": 0,
        "edge_type_name": "supply_chain_input",
        "n_pairs_total": 1811,
        "n_pairs_valid_prod": 465,
        "n_pairs_valid_cons": 861,
        "n_pairs_skipped_missing": 0,
        "n_pairs_skipped_prod_only": 1346,
        "n_pairs_skipped_cons_only": 950,
        "n_pairs_skipped_both": 891,
        "confidence": "OK",
        "mean_r_prod": -0.012700810277561819,
        "mean_abs_r_prod": 0.5024186670813536,
        "mean_spearman_prod": -0.01582343633429303,
        "ci_95_lower_prod": 0.4762379762108956,
        "ci_95_upper_prod": 0.5286728194365647,
        "mean_r_cons": 0.07911493957473051,
        "mean_abs_r_cons": 0.4764007184128626,
        "mean_spearman_cons": 0.05945517957009421,
        "ci_95_lower_cons": 0.4583474501047595,
        "ci_95_upper_cons": 0.4947403626743798
      },
      {
        "edge_type_id": 1,
        "edge_type_name": "technology_cluster",
        "n_pairs_total": 539,
        "n_pairs_valid_prod": 184,
        "n_pairs_valid_cons": 269,
        "n_pairs_skipped_missing": 0,
        "n_pairs_skipped_prod_only": 355,
        "n_pairs_skipped_cons_only": 270,
        "n_pairs_skipped_both": 263,
        "confidence": "OK",
        "mean_r_prod": 0.06069029270894067,
        "mean_abs_r_prod": 0.5559793583571565,
        "mean_spearman_prod": 0.06397934851726501,
        "ci_95_lower_prod": 0.5130533391112264,
        "ci_95_upper_prod": 0.5985921577990535,
        "mean_r_cons": 0.22167139460792248,
        "mean_abs_r_cons": 0.5008589276181165,
        "mean_spearman_cons": 0.19658590725640235,
        "ci_95_lower_cons": 0.4670498982572581,
        "ci_95_upper_cons": 0.5344502922318314
      },
      {
        "edge_type_id": 2,
        "edge_type_name": "alloy_components",
        "n_pairs_total": 318,
        "n_pairs_valid_prod": 92,
        "n_pairs_valid_cons": 134,
        "n_pairs_skipped_missing": 0,
        "n_pairs_skipped_prod_only": 226,
        "n_pairs_skipped_cons_only": 184,
        "n_pairs_skipped_both": 181,
        "confidence": "OK",
        "mean_r_prod": -0.043072220174713655,
        "mean_abs_r_prod": 0.5790008121130239,
        "mean_spearman_prod": -0.020453199054641314,
        "ci_95_lower_prod": 0.5182922857246322,
        "ci_95_upper_prod": 0.6373923908688612,
        "mean_r_cons": 0.2079210718205637,
        "mean_abs_r_cons": 0.5162314754651234,
        "mean_spearman_cons": 0.17558361109851656,
        "ci_95_lower_cons": 0.4697240371223802,
        "ci_95_upper_cons": 0.5622856751684288
      },
      {
        "edge_type_id": 3,
        "edge_type_name": "construction_coproduction",
        "n_pairs_total": 321,
        "n_pairs_valid_prod": 146,
        "n_pairs_valid_cons": 200,
        "n_pairs_skipped_missing": 0,
        "n_pairs_skipped_prod_only": 175,
        "n_pairs_skipped_cons_only": 121,
        "n_pairs_skipped_both": 121,
        "confidence": "OK",
        "mean_r_prod": 0.06958451264696625,
        "mean_abs_r_prod": 0.5377133452961542,
        "mean_spearman_prod": 0.07131528299674456,
        "ci_95_lower_prod": 0.4862821292890097,
        "ci_95_upper_prod": 0.5892279186952186,
        "mean_r_cons": 0.14872348483060255,
        "mean_abs_r_cons": 0.5123500992566616,
        "mean_spearman_cons": 0.12032089751994572,
        "ci_95_lower_cons": 0.47471751053653655,
        "ci_95_upper_cons": 0.5502650370486587
      },
      {
        "edge_type_id": 4,
        "edge_type_name": "electronics_coproduction",
        "n_pairs_total": 362,
        "n_pairs_valid_prod": 81,
        "n_pairs_valid_cons": 155,
        "n_pairs_skipped_missing": 0,
        "n_pairs_skipped_prod_only": 281,
        "n_pairs_skipped_cons_only": 207,
        "n_pairs_skipped_both": 203,
        "confidence": "OK",
        "mean_r_prod": 0.09355523072709064,
        "mean_abs_r_prod": 0.5551902050634365,
        "mean_spearman_prod": 0.10421768951622162,
        "ci_95_lower_prod": 0.4921253141225246,
        "ci_95_upper_prod": 0.6181980103270526,
        "mean_r_cons": 0.1368543605227942,
        "mean_abs_r_cons": 0.4748280208458555,
        "mean_spearman_cons": 0.10889212602735493,
        "ci_95_lower_cons": 0.43142866497927923,
        "ci_95_upper_cons": 0.5186003835302414
      },
      {
        "edge_type_id": 5,
        "edge_type_name": "substitution",
        "n_pairs_total": 245,
        "n_pairs_valid_prod": 70,
        "n_pairs_valid_cons": 103,
        "n_pairs_skipped_missing": 0,
        "n_pairs_skipped_prod_only": 175,
        "n_pairs_skipped_cons_only": 142,
        "n_pairs_skipped_both": 136,
        "confidence": "OK",
        "mean_r_prod": 0.09450588114340955,
        "mean_abs_r_prod": 0.5881300835869976,
        "mean_spearman_prod": 0.1581998632180259,
        "ci_95_lower_prod": 0.5197199653141678,
        "ci_95_upper_prod": 0.6542860530161896,
        "mean_r_cons": 0.18856268385218,
        "mean_abs_r_cons": 0.48809241487293115,
        "mean_spearman_cons": 0.15526414072208203,
        "ci_95_lower_cons": 0.4388111855247206,
        "ci_95_upper_cons": 0.5384348028492751
      },
      {
        "edge_type_id": 6,
        "edge_type_name": "battery_coproduction",
        "n_pairs_total": 101,
        "n_pairs_valid_prod": 28,
        "n_pairs_valid_cons": 46,
        "n_pairs_skipped_missing": 0,
        "n_pairs_skipped_prod_only": 73,
        "n_pairs_skipped_cons_only": 55,
        "n_pairs_skipped_both": 51,
        "confidence": "OK",
        "mean_r_prod": 0.28649612304662414,
        "mean_abs_r_prod": 0.5643844200826719,