{
  "status": "PASS_EXACT",
  "num_runs": 2,
  "seed": 42,
  "max_difference": 0.0,
  "train_losses": [
    0.7659902792423964,
    0.7659902792423964
  ],
  "val_losses": [
    0.5649820803241297,
    0.5649820803241297
  ],
  "best_losses": [
    0.4602245917035775,
    0.4602245917035775
  ],
  "is_reproducible": true,
  "pytorch_version": "2.1.0+cu118",
  "numpy_version": "1.24.3",
  "cuda_available": true
}