{
  "ARIMA": {
    "MAE": 2256.989501953125,
    "RMSE": 18789.3203125,
    "WAPE": 17.021407186985016,
    "SMAPE": 5.212457478046417,
    "R2": 0.9505253434181213
  },
  "XGBoost": {
    "MAE": 1069.5582275390625,
    "RMSE": 6807.208984375,
    "WAPE": 8.066225051879883,
    "SMAPE": 3.2383617013692856,
    "R2": 0.9935061931610107
  }
}