{
  "train_loss": [
    1.514827098697424,
    1.0953665003180504,
    0.801135222427547,
    0.7144939554855227,
    0.6326217856258154,
    0.5162167064845562,
    0.5422334112226963,
    0.4669203283265233,
    0.46167442249134183,
    0.3853028053417802,
    0.40193319879472256,
    0.4067903133109212,
    0.3874364630319178,
    0.3434509541839361,
    0.3340019970200956,
    0.2953007463365793,
    0.32220670906826854,
    0.32110132672823966,
    0.33409984363242984,
    0.3508219299837947,
    0.2819292051717639,
    0.26716328086331487,
    0.2666692119091749,
    0.24025833792984486,
    0.28021103190258145,
    0.24322780640795827,
    0.23545535374432802,
    0.2346484214067459,
    0.2210652707144618,
    0.22594171529635787,
    0.22330080065876245,
    0.21580394683405757,
    0.2195943370461464,
    0.200739533174783,
    0.17118916101753712,
    0.16464059799909592,
    0.14264219952747226,
    0.15896064531989396,
    0.16422282252460718,
    0.13373471051454544,
    0.12492899084463716,
    0.13265075045637786,
    0.12375581706874073,
    0.10964506200980395,
    0.13518425915390253,
    0.1325514051131904,
    0.11126445583067834,
    0.11231994233094156,
    0.10607294063083827,
    0.11992407799698412,
    0.10818903311155736,
    0.10468517290428281,
    0.09253534616436809,
    0.09279631148092449,
    0.1091199447400868,
    0.08914536982774734,
    0.09059807984158397,
    0.09502430690918118,
    0.11184288468211889,
    0.08238331251777709,
    0.10055285459384322,
    0.09112947876565158,
    0.09094945702236146,
    0.08292585692834109,
    0.08474746556021273,
    0.07175276649650186,
    0.08430051407776773
  ],
  "val_loss": [
    1.037242777645588,
    0.6104604937136173,
    1.0659823827445507,
    0.7468561585992575,
    0.5668869069777429,
    0.926754854619503,
    0.7819266822189093,
    0.523976119235158,
    0.556609261315316,
    0.5933549618348479,
    0.5550718912854791,
    0.5401577637530863,
    0.523576773237437,
    0.617883212864399,
    0.7123059313744307,
    0.5400877736974508,
    0.48781889118254185,
    0.6096895644441247,
    0.510349340736866,
    0.5569425150752068,
    0.5202805148437619,
    0.591419939417392,
    0.5917906854301691,
    0.5760882194153965,
    0.5441149438265711,
    0.54032670147717,
    0.5417197518981993,
    0.5415775317233056,
    0.6361230509355664,
    0.5208067912608385,
    0.6085490407422185,
    0.49153028475120664,
    0.5585453258827329,
    0.5224310883786529,
    0.5303413174115121,
    0.5145183260319754,
    0.5667173457331955,
    0.5054493774659932,
    0.5612321719527245,
    0.5783453842159361,
    0.5747965890914202,
    0.5713213079143316,
    0.5337819741107523,
    0.5267118937335908,
    0.6092299520969391,
    0.5227159736678004,
    0.5575965475291014,
    0.5501940026879311,
    0.5063331567216665,
    0.5170350726693869,
    0.5411601986270398,
    0.5433089800644666,
    0.5331081834156066,
    0.5449130400083959,
    0.5474701295606792,
    0.5355870928615332,
    0.5194006133824587,
    0.5383911461103708,
    0.5317788973916322,
    0.5463057183660567,
    0.536976870149374,
    0.5310658304952085,
    0.5338241285644472,
    0.5308483003173023,
    0.526783975539729,
    0.524152394849807,
    0.5156752995681018
  ],
  "train_forecast_loss": [
    1.514827098697424,
    1.0953665003180504,
    0.801135222427547,
    0.7144939554855227,
    0.6326217856258154,
    0.5161748267710209,
    0.5422180611640215,
    0.4668843476101756,
    0.46165467239916325,
    0.3852964574471116,
    0.4019112139940262,
    0.40678225364536047,
    0.38741589756682515,
    0.34342430252581835,
    0.33399059204384685,
    0.29529389878734946,
    0.3221844178624451,
    0.32110132672823966,
    0.33409984363242984,
    0.3508219299837947,
    0.2819230994209647,
    0.26715759048238397,
    0.2666065664961934,
    0.24018001928925514,
    0.28020674688741565,
    0.24322780640795827,
    0.23545535374432802,
    0.23464778577908874,
    0.2210645815357566,
    0.22594171529635787,
    0.22329994942992926,
    0.21580394683405757,
    0.2195943370461464,
    0.200739533174783,
    0.17118916101753712,
    0.16463966015726328,
    0.1426328457891941,
    0.15892880805768073,
    0.16421902552247047,
    0.13373471051454544,
    0.12492173071950674,
    0.13264590385369956,
    0.1237483078148216,
    0.10962544218637049,
    0.13511950615793467,
    0.13254395266994834,
    0.11125774844549596,
    0.11231698771007359,
    0.10607294063083827,
    0.11992407799698412,
    0.10818903311155736,
    0.10466333478689194,
    0.09247052948921919,
    0.09278225293383002,
    0.10909105534665287,
    0.08914097491651773,
    0.09059807984158397,
    0.09502430690918118,
    0.1118343430571258,
    0.08237574645318091,
    0.10054078698158264,
    0.09112389362417161,
    0.09094064717646688,
    0.08291428606025875,
    0.08474567951634526,
    0.07175212842412293,
    0.08429286093451083
  ],
  "val_forecast_loss": [
    1.037242777645588,
    0.6104604937136173,
    1.0659823827445507,
    0.7468561585992575,
    0.5668869069777429,
    0.926754854619503,
    0.7819067221134901,
    0.5239753294736147,
    0.5566044929437339,
    0.5933549618348479,
    0.5550718912854791,
    0.5401577637530863,
    0.5235516037791967,
    0.6178829800337553,
    0.7123059313744307,
    0.5400877736974508,
    0.48781889118254185,
    0.6096895644441247,
    0.510349340736866,
    0.5569425150752068,
    0.5202805148437619,
    0.591419939417392,
    0.5917849475517869,
    0.5760882194153965,
    0.5441149438265711,
    0.54032670147717,
    0.5417197518981993,
    0.5415775317233056,
    0.6361230509355664,
    0.5208067912608385,
    0.6085490407422185,
    0.49153028475120664,
    0.5585453258827329,
    0.5224310883786529,
    0.5303413174115121,
    0.5145183260319754,
    0.5667173457331955,
    0.5054493774659932,
    0.5612321719527245,
    0.5783453842159361,
    0.5747965890914202,
    0.5713213079143316,
    0.5337819741107523,
    0.5267118937335908,
    0.6092299520969391,
    0.5227159736678004,
    0.5575965475291014,
    0.5501940026879311,
    0.5063331567216665,
    0.5170350726693869,
    0.5411601986270398,
    0.5433089800644666,
    0.5331081834156066,
    0.5449130400083959,
    0.5474701295606792,
    0.5355870928615332,
    0.5194006133824587,
    0.5383911461103708,
    0.5317788973916322,
    0.5463057183660567,
    0.536976870149374,
    0.5310658304952085,
    0.5338241285644472,
    0.5308483003173023,
    0.526783975539729,
    0.524152394849807,
    0.5156752995681018
  ],