{
  "train_loss": [
    1.6262532100081444,
    0.8228668868541718,
    0.6896191304549575,
    0.6474633375182748,
    0.5583686558529735,
    0.4314605463296175,
    0.4771195510402322,
    0.5003995131701231,
    0.44895965326577425,
    0.3636988876387477,
    0.3733534971252084,
    0.3795070508494973,
    0.35177399264648557,
    0.3796119773760438,
    0.30662851221859455,
    0.30996026983484626,
    0.30820680828765035,
    0.33871583826839924,
    0.3186110840179026,
    0.2981922226026654,
    0.33906196244060993,
    0.29379180260002613,
    0.27383992401883006,
    0.2517745441291481,
    0.279842468444258,
    0.37530424958094954,
    0.24566375906579196,
    0.22685172408819199,
    0.2302078357897699,
    0.2105060068424791,
    0.20763554866425693,
    0.18192401714622974,
    0.20158620667643845,
    0.18588158558122814,
    0.18706485466100276,
    0.19060845905914903,
    0.19047930324450135,
    0.16827684547752142,
    0.15577656822279096,
    0.15293944627046585,
    0.15634090499952435,
    0.14619268628302962,
    0.1212677441071719,
    0.1480717738159001,
    0.14059298357460648,
    0.14306032820604742,
    0.13009253609925508,
    0.13312604324892163,
    0.1157775700557977,
    0.11348795215599239,
    0.11010090936906636,
    0.12066992954351008,
    0.11680522980168462,
    0.11968089814763516,
    0.10827980376780033,
    0.10116867162287235,
    0.10695877787657082,
    0.10464206570759416,
    0.09812557569239289,
    0.09405773843172938
  ],
  "val_loss": [
    0.9361696969717741,
    0.86402952298522,
    0.5704578463919461,
    0.9200735036283731,
    0.6183762801811099,
    0.5742852929979563,
    0.5968170547857881,
    0.5638577840290964,
    0.5825908617116511,
    0.4609553690534085,
    0.5123109435662627,
    0.5207546134479344,
    0.5212176032364368,
    0.5653604157269001,
    0.6018757410347462,
    0.5767344245687127,
    0.48971267556771636,
    0.5318006058223546,
    0.5864183490630239,
    0.599360067397356,
    0.4863081397488713,
    0.6462536659091711,
    0.5164876237977296,
    0.5654462827369571,
    0.5951973279006779,
    0.5896847019903362,
    0.5217984654009342,
    0.5238586526829749,
    0.5436792497057468,
    0.5377163249067962,
    0.5514088729396462,
    0.5132838871795684,
    0.5607107628602535,
    0.6232799186836928,
    0.5192372975870967,
    0.5897027859464288,
    0.5569806036073714,
    0.566690624691546,
    0.5426499573513865,
    0.578670104732737,
    0.5714318605605513,
    0.6185356266796589,
    0.6142130065709352,
    0.584021435584873,
    0.6061542702373117,
    0.5952731911092997,
    0.5986291239969432,
    0.6440668548457325,
    0.6114558228291571,
    0.6218071691691875,
    0.6415640518534929,
    0.588328774087131,
    0.5594728691503406,
    0.5902353378478438,
    0.6216395441442728,
    0.5967584236059338,
    0.6208348770160228,
    0.6422991226427257,
    0.6361182434484363,
    0.6263433035928756
  ],
  "train_forecast_loss": [
    1.6262532100081444,
    0.8228668868541718,
    0.6896191304549575,
    0.6474633375182748,
    0.5583516908809543,
    0.4314524997025728,
    0.4771137209609151,
    0.5003464557230473,
    0.44886845350265503,
    0.3634439967572689,
    0.37298383470624685,
    0.3791100326925516,
    0.35134230740368366,
    0.37928343936800957,
    0.306334828492254,
    0.30968160927295685,
    0.30791789572685957,
    0.33837685408070683,
    0.3184130876325071,
    0.29797889245674014,
    0.3387936167418957,
    0.2935626204125583,
    0.2736095734871924,
    0.2515289834700525,
    0.27943138033151627,
    0.3750625145621598,
    0.2453364310786128,
    0.2265015090815723,
    0.2298747324384749,
    0.21012505050748587,
    0.2072983554098755,
    0.18162354454398155,
    0.2012019967660308,
    0.18560982355847955,
    0.18677888810634613,
    0.19022281328216195,
    0.19010621355846524,
    0.16788364457897842,
    0.15548805054277182,
    0.15254132030531764,
    0.15599015867337584,
    0.14577546867076308,
    0.12080262135714293,
    0.14765919977799058,
    0.14017259737011045,
    0.1426419757772237,
    0.1296384611632675,
    0.1327361138537526,
    0.1154361255466938,
    0.11320018745027483,
    0.10979621158912778,
    0.1203047086019069,
    0.11646769056096673,
    0.11930857296101749,
    0.10789892205502838,
    0.10079052043147385,
    0.10659978212788701,
    0.10431312816217542,
    0.09779357083607465,
    0.09368993842508644
  ],
  "val_forecast_loss": [
    0.9361696969717741,
    0.86402952298522,
    0.5704578463919461,
    0.9200735036283731,
    0.6183753563091159,
    0.5742852929979563,
    0.5968170547857881,
    0.5638551390729845,
    0.5825301706790924,
    0.4605859466828406,
    0.5118547668680549,
    0.5204217613209039,
    0.52080705948174,
    0.5649000848643482,
    0.6015757969580591,
    0.5764676402322948,
    0.4894397146999836,
    0.5315325548872352,
    0.5862498758360744,
    0.5991448508575559,
    0.48611293686553836,
    0.6461496059782803,
    0.5162327350117266,
    0.5651685893535614,
    0.5948360343463719,
    0.5893090688623488,
    0.5215268027968705,
    0.5235146558843553,
    0.5433455808088183,
    0.5373600372113287,
    0.5510542092379183,
    0.5128853665664792,
    0.560314052272588,
    0.6229128232225776,
    0.5188703960739076,
    0.589329931885004,
    0.5565777034498751,
    0.5662562679499388,
    0.5422085435129702,
    0.5782256599050015,
    0.5709771853871644,
    0.6180797526612878,
    0.6137700853869319,
    0.5835813713492826,
    0.605734134092927,
    0.5948498514480889,
    0.5982192433439195,
    0.643669496756047,
    0.6110975437331945,
    0.6214497718028724,
    0.6411947750020772,
    0.5879519409500062,
    0.5591101436875761,
    0.5898688812740147,
    0.6212703604251146,
    0.5963865788653493,
    0.6204754416830838,
    0.6419433529954404,
    0.6357554418500513,
    0.6259830119088292
  ],
  "alpha_mean": [
    0.4423486590385437,
    0.43493521213531494,
    0.4850544333457947,
    0.48973986506462097,
    0.5416795611381531,
    0.5769960880279541,
    0.5598224401473999,
    0.5761061310768127,
    0.5896849632263184,
    0.5899139642715454,
    0.5836376547813416,
    0.5873114466667175,
    0.612782895565033,
    0.6017342209815979,
    0.5888500213623047,
    0.5398210287094116,
    0.5669727325439453,
    0.6278880834579468,
    0.6166555285453796,
    0.6150162816047668,
    0.6329713463783264,
    0.6306686401367188,
    0.6416189670562744,
    0.6199208498001099,
    0.6508370637893677,
    0.637550413608551,
    0.6686717867851257,
    0.672493040561676,
    0.6766883134841919,
    0.6743037700653076,
    0.6571754217147827,
    0.6618787050247192,
    0.6784393787384033,
    0.6776109933853149,
    0.6586477756500244,
    0.6622713804244995,
    0.6505725979804993,
    0.6750906109809875,
    0.6838751435279846,
    0.7044726610183716,
    0.6914660334587097,
    0.7009429335594177,
    0.7379524111747742,
    0.7119981050491333,
    0.7204959988594055,
    0.7084938883781433,
    0.7099800705909729,
    0.7027935981750488,
    0.7069486975669861,
    0.7119374871253967,
    0.6976694464683533,
    0.7082014679908752,
    0.6998719573020935,
    0.6959090828895569,
    0.7072555422782898,
    0.700539767742157,
    0.7137547135353088,
    0.7069762349128723,
    0.7133152484893799,
    0.7151904702186584
  ],