{
  "train_loss": [
    2.306211270391941,
    0.9565040990710258,
    0.7184431217610836,
    0.5122357225045562,
    0.4672427950426936,
    0.5957800466567278,
    0.49392363289371133,
    0.4585269670933485,
    0.3550986461341381,
    0.3592359577305615,
    0.4118505851365626,
    0.3574523087590933,
    0.35466935369186103,
    0.33775999769568443,
    0.3590661333873868,
    0.37762999814003706,
    0.30931927682831883,
    0.3069954547099769,
    0.27273128321394324,
    0.3104774337261915,
    0.31309546530246735,
    0.3066664459183812,
    0.2911187605932355,
    0.29396584909409285,
    0.2655615690164268,
    0.3267660764977336,
    0.2433121888898313,
    0.2595261042006314,
    0.24884680844843388,
    0.2803411977365613,
    0.23418790102005005,
    0.2584891561418772,
    0.20787681743968278,
    0.2451918050646782,
    0.21434518368914723,
    0.2168364271055907,
    0.1852586364839226,
    0.19214551174081862,
    0.17404593154788017,
    0.16757738799788058,
    0.14970929897390306,
    0.170994246378541,
    0.16730791283771396,
    0.15139885991811752,
    0.16593855991959572,
    0.15329219750128686,
    0.13572824257425964,
    0.13036604668013752,
    0.1300177969969809,
    0.1259219730272889,
    0.13695222442038357,
    0.11893902742303908,
    0.12033445411361754,
    0.10001768730580807,
    0.10617900802753866,
    0.12738073663786054,
    0.10372169641777873,
    0.09160093765240163,
    0.11989509407430887,
    0.0944412040989846,
    0.08709608076605946,
    0.09011468710377812
  ],
  "val_loss": [
    1.137821700423956,
    0.9013964515179396,
    0.588602377101779,
    0.5555982924997807,
    0.45190435787662864,
    1.118089573457837,
    0.5600245092064142,
    0.6110152937471867,
    0.4915206048171967,
    0.47558199102059007,
    0.44346174760721624,
    0.4409432793036103,
    0.4490053178742528,
    0.5699060736224055,
    0.5439241346903145,
    0.5470460909418762,
    0.5806787414476275,
    0.5844232146628201,
    0.49349455907940865,
    0.6260576359927654,
    0.500543724745512,
    0.5250944001600146,
    0.47775493282824755,
    0.4900998384691775,
    0.449952992843464,
    0.47382714808918536,
    0.5645976979285479,
    0.5444531803950667,
    0.6161921257153153,
    0.5377976051531732,
    0.5273434231057763,
    0.5384326304774731,
    0.5595194788184017,
    0.5497078667394817,
    0.5404778090305626,
    0.566071939188987,
    0.5391800198704004,
    0.571660642977804,
    0.5576850331854075,
    0.5376953817903996,
    0.5671139960177243,
    0.5659741731360555,
    0.5322798821143806,
    0.5324399808887392,
    0.5299417411442846,
    0.5395609987899661,
    0.5552179531659931,
    0.5184319105464965,
    0.5221314720110968,
    0.5319265038706362,
    0.5125898609403521,
    0.5442139562219381,
    0.5645423785317689,
    0.5621230809483677,
    0.5301568733993918,
    0.5563627909868956,
    0.5666213112417608,
    0.534516834653914,
    0.534098360221833,
    0.5491948649287224,
    0.547069828491658,
    0.5666392594575882
  ],
  "train_forecast_loss": [
    2.3062074184417725,
    0.9565040990710258,
    0.7184431217610836,
    0.5122357225045562,
    0.4672427950426936,
    0.5957669159397483,
    0.4939199392683804,
    0.4585148273035884,
    0.3550737453624606,
    0.35918735759332776,
    0.41178153501823545,
    0.3574213311076164,
    0.35463787871412933,
    0.33774459548294544,
    0.3590606516227126,
    0.37762155290693045,
    0.3092874060384929,
    0.30689493799582124,
    0.2726272619329393,
    0.31036493042483926,
    0.31295135291293263,
    0.30648172041401267,
    0.2908954583108425,
    0.29368034610524774,
    0.26526258839294314,
    0.3265618262812495,
    0.24321121885441244,
    0.2593613648787141,
    0.2486920147202909,
    0.2801942406222224,
    0.2340185046195984,
    0.25835967855527997,
    0.20778791804332286,
    0.2451657266356051,
    0.2143169897608459,
    0.21678039454855025,
    0.18524187500588596,
    0.19214551174081862,
    0.17404309241101146,
    0.16755386837758124,
    0.1497047150041908,
    0.17097939876839519,
    0.16730003152042627,
    0.15139885991811752,
    0.16593855991959572,
    0.1532884412445128,
    0.13572824257425964,
    0.13035297999158502,
    0.1300177969969809,
    0.12591483164578676,
    0.13694321177899837,
    0.11893902742303908,
    0.12033075583167374,
    0.10001768730580807,
    0.10616883891634643,
    0.12738006794825196,
    0.10372112272307277,
    0.09159944613929838,
    0.11988539109006524,
    0.0944412040989846,
    0.08709608076605946,
    0.09011370548978448
  ],
  "val_forecast_loss": [
    1.137821700423956,
    0.9013964515179396,
    0.588602377101779,
    0.5555982924997807,
    0.45190435787662864,
    1.118089573457837,
    0.5600245092064142,
    0.6110152937471867,
    0.4915126576088369,
    0.47556060180068016,
    0.4434441872872412,
    0.4409276656806469,
    0.4490053178742528,
    0.5699060736224055,
    0.5439241346903145,
    0.5470460909418762,
    0.5806787414476275,
    0.5844037090428174,
    0.493442109785974,
    0.6260027852840722,
    0.5005076532252133,
    0.525029709096998,
    0.47759693628177047,
    0.48993077548220754,
    0.4498079144395888,
    0.47377065499313176,
    0.5645706644281745,
    0.5443506254814565,
    0.6160946292802691,
    0.5377210741862655,
    0.5272950418293476,
    0.5384174364153296,
    0.55951092322357,
    0.5497078667394817,
    0.5404778090305626,
    0.566071939188987,
    0.5391800198704004,
    0.571660642977804,
    0.5576850331854075,
    0.5376953817903996,
    0.5671139960177243,
    0.5659741731360555,
    0.5322798821143806,
    0.5324399808887392,
    0.5299417411442846,
    0.5395609987899661,
    0.5552179531659931,
    0.5184319105464965,
    0.5221314720110968,
    0.5319265038706362,
    0.5125898609403521,
    0.5442139562219381,
    0.5645423785317689,
    0.5621230809483677,
    0.5301568733993918,
    0.5563627909868956,
    0.5666213112417608,
    0.534516834653914,
    0.534098360221833,
    0.5491948649287224,
    0.547069828491658,
    0.5666392594575882
  ],
  "alpha_mean": [
    0.38144445419311523,
    0.40788599848747253,
    0.3464149832725525,
    0.2879115045070648,
    0.23547852039337158,
    0.22456228733062744,
    0.21684087812900543,
    0.2119038701057434,
    0.19132781028747559,
    0.21272678673267365,
    0.19670231640338898,
    0.20958280563354492,
    0.27129578590393066,
    0.30680540204048157,
    0.32316896319389343,
    0.3056144118309021,
    0.32979869842529297,
    0.35371023416519165,
    0.32182908058166504,
    0.33282390236854553,
    0.2566162645816803,
    0.19285160303115845,
    0.18900607526302338,
    0.18380123376846313,
    0.20729605853557587,
    0.23256297409534454,
    0.2840869724750519,
    0.23835745453834534,
    0.21727032959461212,
    0.22823773324489594,
    0.24837256968021393,
    0.25262120366096497,
    0.2870488464832306,
    0.3296065628528595,
    0.3130398690700531,
    0.32327476143836975,
    0.3602840304374695,
    0.37677350640296936,
    0.4017496109008789,
    0.4238809049129486,
    0.40171343088150024,
    0.43753570318222046,
    0.38789209723472595,
    0.39725232124328613,
    0.4148520529270172,
    0.4436935782432556,
    0.4172672629356384,
    0.40834930539131165,
    0.37698933482170105,
    0.36900636553764343,
    0.414310097694397,
    0.44646430015563965,
    0.45180946588516235,
    0.4527743458747864,
    0.4852721393108368,
    0.4671480059623718,
    0.453929603099823,
    0.4365222454071045,
    0.4258854389190674,
    0.427812397480011,
    0.45925989747047424,
    0.43924790620803833
  ],