{
  "train_loss": [
    1.8908545896410942,
    0.8881942760199308,
    0.7126050535589457,
    0.4663388002663851,
    0.4768267273902893,
    0.5192608423531055,
    0.4638318829238415,
    0.4217719929292798,
    0.4069133149459958,
    0.3641539695672691,
    0.3567727254703641,
    0.3318534158170223,
    0.3214540984481573,
    0.32557485392317176,
    0.3227115012705326,
    0.29413304571062326,
    0.307903990149498,
    0.3112559199798852,
    0.3041151678189635,
    0.29663188895210624,
    0.2867583769839257,
    0.31683028396219015,
    0.2817693301476538,
    0.2540093041025102,
    0.3114289501681924,
    0.2666926374658942,
    0.2534427032805979,
    0.2639552648179233,
    0.2249247191939503,
    0.1958527227398008,
    0.22291676187887788,
    0.2101986682973802,
    0.2167520357761532,
    0.19014426763169467,
    0.18277267180383205,
    0.15643717860803008,
    0.1924094210844487,
    0.14222604781389236,
    0.12388931168243289,
    0.1187888050917536,
    0.12092708447016776,
    0.13647041632793844,
    0.11245738016441464,
    0.10321923496667296,
    0.10631442116573453,
    0.11107646382879466,
    0.0938669890165329,
    0.09838399407453835,
    0.11714915023185313,
    0.095684245810844,
    0.09027151030022651,
    0.07665346749126911,
    0.11729357508011162,
    0.08727678121067584,
    0.08166127430740744,
    0.08406448108144104,
    0.07460635073948652,
    0.06407317600678653,
    0.06252340239007026,
    0.0637304203119129,
    0.07538179669063538,
    0.07438923511654139,
    0.06789817241951823,
    0.07432079839054495,
    0.06435265496838838,
    0.061312813486438245,
    0.06108817516360432,
    0.06684927560854703,
    0.06355005968362093,
    0.06035110878292471
  ],
  "val_loss": [
    1.6589227467775345,
    0.6444663302972913,
    0.6967184785753489,
    0.5703931516036391,
    0.6471285624429584,
    0.7572528216987848,
    0.5168839385733008,
    0.4896673830226064,
    0.5424210960045457,
    0.5072196847759187,
    0.4844669746235013,
    0.4621745985932648,
    0.5603047427721322,
    0.5208500497974455,
    0.5778881846927106,
    0.5922997831366956,
    0.509346439037472,
    0.5192054314538836,
    0.4992305492050946,
    0.45077036833390594,
    0.48390508838929236,
    0.5441539222374558,
    0.5607668566517532,
    0.6311146370135248,
    0.5799324242398143,
    0.526896495372057,
    0.5748891904950142,
    0.6179320975206792,
    0.614455783739686,
    0.5681668613106012,
    0.6024371655657887,
    0.6886134343221784,
    0.6668535680510104,
    0.6602238856721669,
    0.592533270129934,
    0.5389728168956935,
    0.7316636578179896,
    0.5998268979601562,
    0.6193461664952338,
    0.5512926306109875,
    0.5077033201232553,
    0.5550343156792223,
    0.5875902925617993,
    0.5731405990663916,
    0.5655022589489818,
    0.6322857567574829,
    0.6320775288622826,
    0.6743217948824167,
    0.637456189841032,
    0.6329303369857371,
    0.6467608450911939,
    0.6751622050069273,
    0.6401648903265595,
    0.6565318254288286,
    0.6652810861123726,
    0.6498800492845476,
    0.6852424258831888,
    0.6486415290273726,
    0.706785922171548,
    0.6324250397738069,
    0.6405721299815923,
    0.6885093445889652,
    0.6554304724559188,
    0.6287174208555371,
    0.683264976600185,
    0.6562869835179299,
    0.6495165519881994,
    0.6397359382826835,
    0.6381946015171707,
    0.6691909108776599
  ],
  "train_forecast_loss": [
    1.8908545896410942,
    0.8881942760199308,
    0.7126050535589457,
    0.4663388002663851,
    0.4768160078674555,
    0.5192268174141645,
    0.4638131782412529,
    0.42175186797976494,
    0.4069003826007247,
    0.3641322962939739,
    0.3567587584257126,
    0.33182647451758385,
    0.32144065108150244,
    0.3255304805934429,
    0.3226927425712347,
    0.29410370578989387,
    0.3078981190919876,
    0.31124554411508143,
    0.30410373862832785,
    0.29660015273839235,
    0.2867301634978503,
    0.3168059289455414,
    0.28172045201063156,
    0.2539339130744338,
    0.31132024992257357,
    0.266593121457845,
    0.2533040693961084,
    0.26382881915196776,
    0.224837381625548,
    0.19573627901263535,
    0.222787341568619,
    0.21011390490457416,
    0.21663315361365676,
    0.19000944285653532,
    0.1826432729139924,
    0.15631133737042546,
    0.19232673267833889,
    0.1421191564295441,
    0.12384796980768442,
    0.11874124011956155,
    0.12087376159615815,
    0.13638710626401007,
    0.11230797995813191,
    0.10308334743604064,
    0.10612155846320093,
    0.11097191064618528,
    0.09379495633766055,
    0.0982602583244443,
    0.11702980613335967,
    0.09548541391268373,
    0.09007849916815758,
    0.07651957822963595,
    0.11711915908381343,
    0.0871264087036252,
    0.08146297046914697,
    0.08394052274525166,
    0.07444273354485631,
    0.0639273839769885,
    0.06232887273654342,
    0.06357823207508773,
    0.07519394031260163,
    0.07422785391099751,
    0.06775014963932335,
    0.07421138242352754,
    0.06419169181026518,
    0.06119747698539868,
    0.06094452808611095,
    0.06672218930907547,
    0.06347457051742822,
    0.06026958848815411
  ],
  "val_forecast_loss": [
    1.6589227467775345,
    0.6444663302972913,
    0.6967184785753489,
    0.5703931516036391,
    0.647122479043901,
    0.7572429198771715,
    0.5168638583272696,
    0.4896593475714326,
    0.5424120062962174,
    0.5072125620208681,
    0.4844669746235013,
    0.4621745985932648,
    0.560300235170871,
    0.520849569234997,
    0.577887439634651,
    0.5922932247631252,
    0.509346439037472,
    0.5192054314538836,
    0.49922421434894204,
    0.4507583021186292,
    0.4838921430055052,
    0.5441497974097729,
    0.5607360224239528,
    0.6310510002076626,
    0.5798626379109919,
    0.5268250838853419,
    0.5748183131217957,
    0.6178597095422447,
    0.6143799070268869,
    0.5680919205769897,
    0.6023495923727751,
    0.6885297680273652,
    0.6667578923515975,
    0.660140564898029,
    0.5924561165738851,
    0.5389035628177226,
    0.731595744844526,
    0.5997636555694044,
    0.6192893646657467,
    0.5512341952417046,
    0.5076329931616783,
    0.5549568957649171,
    0.5875093974173069,
    0.5730576098430902,
    0.5654206410981715,
    0.6322096844669431,
    0.6319933861959726,
    0.6742395055480301,
    0.6373669041786343,
    0.6328364885412157,
    0.6466616175603122,
    0.6750769750215113,
    0.6400798885151744,
    0.6564465635456145,
    0.6651968365767971,
    0.6497916614171118,
    0.685155731625855,
    0.6485570592340082,
    0.7066972265020013,
    0.6323420184198767,
    0.6404884599614888,
    0.6884269819129258,
    0.6553465097676963,
    0.6286301631480455,
    0.6831781351938844,
    0.6562023358419538,
    0.6494354128371924,
    0.6396557554835454,
    0.6381141876336187,
    0.6691088769584894
  ],