{
  "train_loss": [
    1.8844124674797058,
    1.0959390588104725,
    0.7155328374356031,
    0.5170430680736899,
    0.5225177267566323,
    0.420933548361063,
    0.3803201790433377,
    0.37189593305811286,
    0.4022079287096858,
    0.3978037992492318,
    0.35554802836850286,
    0.3490448584780097,
    0.3141984832473099,
    0.3456467716023326,
    0.3672821088694036,
    0.30553853418678045,
    0.26362585136666894,
    0.2779530808329582,
    0.29686425952240825,
    0.28930298960767686,
    0.3221867745742202,
    0.31702683633193374,
    0.250223386567086,
    0.2482050061225891,
    0.210104149999097,
    0.2304487987421453,
    0.19073989754542708,
    0.21941849123686552,
    0.19745310745202005,
    0.1968115963973105,
    0.19221563916653395,
    0.15865542134270072,
    0.16302685113623738,
    0.17322472762316465,
    0.25105663668364286,
    0.16223626374267042,
    0.16253204550594091,
    0.13024222664535046,
    0.11973839811980724,
    0.11762190377339721,
    0.10720411851070821,
    0.1424765489064157,
    0.11201733374036849,
    0.11788305267691612,
    0.10669692466035485,
    0.10406017513014376,
    0.11637318297289312,
    0.11139404063578695,
    0.11479450610931963,
    0.10842439299449325,
    0.13073476683348417,
    0.12080588098615408,
    0.08944472740404308,
    0.09524769382551312,
    0.08240152755752206,
    0.08976502332370728
  ],
  "val_loss": [
    1.1136062629520893,
    0.7708878759294748,
    0.7360783722251654,
    0.5199066083878279,
    0.5368073522113264,
    0.4335106099024415,
    0.5022689374163747,
    0.4939226186834276,
    0.49902473017573357,
    0.5125947622582316,
    0.5638228422030807,
    0.4463578029535711,
    0.5758461756631732,
    0.454453447367996,
    0.48973243311047554,
    0.4610857148654759,
    0.5442329710349441,
    0.4530516262166202,
    0.6133748590946198,
    0.5051624570041895,
    0.4859737497754395,
    0.5077967315446585,
    0.6016722633503377,
    0.4660017122514546,
    0.5653654974885285,
    0.5622591339051723,
    0.5188183756545186,
    0.5079306191764772,
    0.5433122105896473,
    0.5233334782533348,
    0.6107894615270197,
    0.5454864930361509,
    0.5631592161953449,
    0.5606192438863218,
    0.6210348377935588,
    0.5530967186205089,
    0.5491476273164153,
    0.602965752594173,
    0.6138776212465018,
    0.6333817718550563,
    0.589834563434124,
    0.5968108475208282,
    0.6193522680550814,
    0.6510566710494459,
    0.6227309266105294,
    0.6091670542955399,
    0.6047371849417686,
    0.6488124413881451,
    0.5710231575649232,
    0.6076741560827941,
    0.5978810577653348,
    0.664698617067188,
    0.6294813761487603,
    0.645904544275254,
    0.642198083922267,
    0.6263079808559269
  ],
  "train_forecast_loss": [
    1.8844124674797058,
    1.0959390588104725,
    0.7155204396694899,
    0.517028646543622,
    0.5224897647276521,
    0.4208546532317996,
    0.38017846341244876,
    0.3717685053125024,
    0.4020290286280215,
    0.39748568180948496,
    0.35518380627036095,
    0.3487869882956147,
    0.313838642090559,
    0.345402670558542,
    0.3670478407293558,
    0.30528135783970356,
    0.2634114015381783,
    0.27780724596232176,
    0.2965951473452151,
    0.2889769480098039,
    0.32187288627028465,
    0.3167793648317456,
    0.2498827539384365,
    0.24798079254105687,
    0.20987326162867248,
    0.23024601535871625,
    0.1905424385331571,
    0.2191879916936159,
    0.19715315010398626,
    0.19659067364409566,
    0.19205383816733956,
    0.15835919184610248,
    0.1628268649801612,
    0.17293313867412508,
    0.25072557339444757,
    0.1618829343933612,
    0.16210339032113552,
    0.12990159052424133,
    0.11953184520825744,
    0.11729199765250087,
    0.10689208772964776,
    0.14225408574566245,
    0.1117245233617723,
    0.11748852208256721,
    0.10634252382442355,
    0.10380176384933293,
    0.11605680920183659,
    0.11101193493232131,
    0.11441973235923797,
    0.10809057229198515,
    0.13037209236063063,
    0.12053119391202927,
    0.08919741050340235,
    0.09503472340293229,
    0.08215008582919836,
    0.08946119109168649
  ],
  "val_forecast_loss": [
    1.1136062629520893,
    0.7708878759294748,
    0.7360783722251654,
    0.5199066083878279,
    0.5368043924681842,
    0.4334509111940861,
    0.5021973708644509,
    0.4938532910309732,
    0.49889844795688987,
    0.5124164950102568,
    0.5637273723259568,
    0.44616063963621855,
    0.575604846701026,
    0.4542528032325208,
    0.48960619512945414,
    0.4609984955750406,
    0.5441551171243191,
    0.45296450378373265,
    0.6132539715617895,
    0.5050046392716467,
    0.4858777686022222,
    0.5076483029406518,
    0.6014917730353773,
    0.4658732018433511,
    0.5652547939680517,
    0.5621415879577398,
    0.5187401478178799,
    0.5077638756483793,
    0.5431639482267201,
    0.5232742847874761,
    0.6105995983816683,
    0.5452513406053185,
    0.56300388276577,
    0.5603458438999951,
    0.6206742823123932,
    0.5527041731402278,
    0.5488445009104908,
    0.6027491223067045,
    0.6136799019295722,
    0.6331389145925641,
    0.5896309819072485,
    0.5966300657019019,
    0.6191211540717632,
    0.6508281636051834,
    0.6225234069861472,
    0.6089633530937135,
    0.6045501925982535,
    0.6485911579802632,
    0.5707852938212454,
    0.6075273484457284,
    0.5977221336215734,
    0.6645570727996528,
    0.6293178021442145,
    0.6457546956371516,
    0.6420059844385833,
    0.6261422983370721
  ],
  "alpha_mean": [
    0.5722193121910095,
    0.6050539016723633,
    0.6689764261245728,
    0.6706267595291138,
    0.6824033260345459,
    0.6941078305244446,
    0.7457278966903687,
    0.7886679768562317,
    0.819898784160614,
    0.8256229162216187,
    0.8133987784385681,
    0.8360991477966309,
    0.8770079016685486,
    0.8860045671463013,
    0.8626424670219421,
    0.8316456079483032,
    0.8290138840675354,
    0.8061118125915527,
    0.8429623246192932,
    0.8670321106910706,
    0.8897654414176941,
    0.8820265531539917,
    0.8742856979370117,
    0.8655045032501221,
    0.8575460910797119,
    0.8508459329605103,
    0.8521594405174255,
    0.822037935256958,
    0.8334019184112549,
    0.823104739189148,
    0.798890233039856,
    0.8287947773933411,
    0.8226889371871948,
    0.8202054500579834,
    0.8368149995803833,
    0.8360270261764526,
    0.8364356160163879,
    0.8529843091964722,
    0.8514684438705444,
    0.8553712368011475,
    0.837299108505249,
    0.8528445959091187,
    0.8563556671142578,
    0.8714245557785034,
    0.8495245575904846,
    0.8397818207740784,
    0.8514560461044312,
    0.857081413269043,
    0.8586020469665527,
    0.8583577275276184,
    0.8586286306381226,
    0.8558406233787537,
    0.8544034957885742,
    0.8568130135536194,
    0.863577663898468,
    0.867427408695221
  ],